X0,X1,X2,X3,X4,X5,X6,X7,X8,X9,X10,X11,X12,X13
1.195401467788522298e+00,2.781819903879733324e+00,2.823932833069174198e+00,-1.456054608124825123e+00,4.392374730859204268e-01,-1.151535900196559048e+00,-9.781218875189930939e-01,8.860023242711090319e-01,-3.221825152311368345e-01,-4.964783745132750781e+00,3.323151909747972699e+00,1.913946679003100115e+00,-7.290893474695054444e+00,-2.482152254946156766e+00
-1.422322036005208012e-02,4.669721160554310968e-01,1.083783886502813321e+00,1.117194278630062376e+00,1.596451971152429206e+00,3.377527007006917437e+00,2.769928828323050318e+00,9.514194087648570886e-01,2.520266933902924888e-01,-1.554654516349137650e+00,1.285432977195804849e+00,1.970537123993126638e+00,-1.679826104070501369e+00,-1.649056454557092710e+00
-1.329800483329912852e+00,-2.171140829136888051e-01,-3.738477333737812991e-01,-6.239031908808845284e-01,5.376223191968485526e-01,4.476846583758837816e-01,1.431118440332279640e+00,4.685802704053879109e-01,-1.283532131647666663e-01,1.278517112149416546e-01,-5.503488720535394396e-01,-1.800531330456586643e+00,-1.075716451566177678e+00,1.457834244844790739e+00
-2.874509740050910533e+00,-6.732847254317939623e-01,-2.824522190110839048e+00,4.187333972264179471e-01,-1.484939216128250694e-01,-2.334164319109721664e-02,-3.701864308717648377e-01,-2.761216350312285517e-01,1.100290081597453229e+00,4.056034526814755736e+00,-2.147677714427904228e+00,-4.975869960351043675e-01,6.925620795888144166e+00,2.358826925159422938e-01
-3.996851909546809689e-01,5.556615488612998144e-01,-4.776692158832169244e-01,-6.386143642735743198e-01,4.508858756025775905e-01,9.296086584000634589e-01,1.028407855932835346e+00,-2.939569694820793333e-01,1.936321164427348807e+00,1.571405414423268088e+00,-1.184098605954875261e+00,9.772710806441944897e-02,1.850120318037762779e+00,-1.252392530045299823e-01
6.838203234100259653e-01,4.329540291423756293e-01,1.346975862425456194e+00,3.012727220155119248e-02,-3.295320307563438522e-01,2.222515954706636432e+00,7.151937155079627351e-01,4.597973909471692600e-01,-3.559223633474479787e+00,-1.053100609795352138e+00,2.183550072475468617e+00,1.471762502151165997e+00,-2.140218724572062303e+00,-3.132199670867063523e-01
2.417497306441294125e-01,9.109610923842691443e-01,8.200667041918241473e-01,3.745014911730860097e-01,-1.243327010262862853e+00,-3.354637132020836798e-01,6.718627729711719176e-01,1.683011278050069226e+00,-1.238138167235345311e-01,-1.926793219881751451e+00,1.790361236941073741e+00,3.874459262689924910e-01,-1.540491483314304855e+00,-6.674507959405846513e-01
1.533808591984370029e+00,2.583107461673096461e-01,1.503758710880655380e+00,-1.032723980371322570e-01,8.596851510672121055e-01,4.912019573975098474e+00,3.566807045225047990e+00,1.449915558650885616e+00,-4.000688351797311526e+00,4.092594184481869179e-01,-1.497460248855176035e+00,-1.112723243557053876e-01,-3.492945265367450869e-01,5.184791430474412488e-01
8.203776086117416932e-01,1.660693482793988762e+00,-7.152409738996978739e-01,-1.800632460574038696e+00,-8.095510685137609075e-01,1.951933918032999093e+00,1.572895227264372142e+00,2.059666299357473029e+00,-2.465038905469569386e+00,-2.129211942572961647e-01,2.249239876813718286e+00,2.632914693124533301e+00,5.908442858672355857e-01,-2.156821663468605266e+00
3.101976427538788439e-01,-7.463803716832784207e-01,-3.620535159325221630e-01,-4.891676504083661281e-01,-8.177071299994195241e-01,2.338105338686519374e+00,1.500355071434616994e+00,8.899030897424036191e-01,-2.672919569013370023e+00,-2.065440070532346406e-01,8.659594804447462435e-01,-1.690404285547434382e-01,5.452068056932948270e-01,1.397964094882213404e+00
-1.215996832956312890e+00,-7.278130974746015447e-01,-6.007435566161777318e-01,6.058801187974376390e-01,-1.223984958874027029e+00,-4.703859363443605446e+00,-2.168575855265689079e+00,1.868718805975600195e-01,-1.151294506587482225e+00,9.357996012620354298e-01,-1.532560164803976610e+00,-1.307780009265702592e+00,3.715655801787135282e+00,5.903935430640691040e-01
1.840061363238693293e+00,1.182271316705284063e-02,1.638971168108934950e+00,-4.307795973038664461e-01,-1.559612177629372820e-01,3.053838920674036839e-01,1.260239943358975712e+00,-3.370472250750581877e-01,8.039981014376934576e-02,-3.971970784637918417e+00,2.523342745030256462e-01,6.310994606430413434e-01,-7.691335653483001522e+00,-6.190867443011947024e-01
-3.265716041291862659e+00,-1.854740802154621004e+00,-4.455527145790043164e+00,9.355917419431639681e-01,-9.816181572418984647e-02,-1.172219847016670702e+00,-1.953771288386147331e+00,-6.874673366607123581e-01,-6.136559040802062048e-01,3.330750970873308514e+00,-1.211441542818005423e+00,1.409784949149573974e-01,8.396482379234265991e+00,6.367567511569967031e-01
-4.475377488919506930e-01,7.553651831853984422e-02,-2.264336328570994539e+00,-5.095765145294409715e-01,1.488351817256953868e+00,-3.113706635659111210e+00,-1.578805092917768826e+00,1.348910297614105414e-01,-6.481658316770841921e-01,2.912624673132024888e-02,4.980467569503554959e-01,-2.273542442841093969e+00,1.428124252861067589e+00,7.219557517929297008e-01
-1.111011535791259774e+00,-1.190124332463985413e+00,-2.032766660454937480e+00,9.462981748123158177e-01,-1.959289255017071296e+00,-3.656110544006340834e+00,-2.170127377166684912e+00,5.496113028245323134e-02,-2.305536521985339427e+00,9.687700480721583851e-02,-9.691091818877950459e-02,-1.039083698938789935e+00,2.456865782142012566e+00,1.301674130356756276e+00
-8.638265807617035996e-01,1.248588933227144371e-01,-1.524165364621633323e+00,1.554410196285436196e+00,-9.462243414774931249e-01,-3.157506005886933309e+00,-1.327231252902136616e+00,5.464825540129669701e-01,7.111734697200023936e-01,3.609978429239809605e-01,1.182890215621309027e+00,1.327709363454545599e+00,2.590086717788115500e+00,-1.209081331198195386e+00
-7.298867876051556847e-01,-1.512098985722327482e+00,-2.350055320702796990e+00,-1.435421597726370235e+00,1.583663654870763215e+00,3.768155950844070734e+00,2.581594548284613211e+00,1.568152124614973664e+00,-2.275303930631249916e+00,3.275321488624999056e+00,-2.643682157135741839e+00,-9.288339696672983647e-01,6.470478980841232186e+00,1.563589108071852252e+00
-3.582603828857200412e-02,-2.322170235615970690e-01,-1.152679005022339442e+00,5.740953882450255952e-01,6.669096313429894174e-01,1.034686288917843866e+00,7.268401077485651118e-01,1.954646282353809383e-01,-3.362314800922474589e+00,1.347562507155847022e+00,2.870701966248834225e-02,6.002797445161685008e-01,3.327530548915408115e+00,1.971538141284912671e+00
3.075968159322103324e-01,1.098627000802710363e+00,9.636777696671531279e-01,-4.747941351550883510e-02,-3.292813148403935242e-01,8.816462224727222852e-01,1.096343575175525054e+00,1.335457360645551095e+00,-1.787325178566516959e+00,-2.166045035072712288e+00,2.557940637948261209e+00,-5.282673277876676066e-02,-4.369896606058934374e+00,-7.551439890395417187e-03
-3.392301584185593022e-01,1.325794646531544885e+00,3.637119557868708775e-01,7.776879738842881751e-02,-8.286359835737231450e-01,-1.291205079623102936e+00,-1.183835223014132021e+00,-1.124992638244825205e+00,1.233221447726110753e+00,-1.015253954686218485e+00,1.199025177866263725e+00,7.513856760705456272e-02,-2.675955387462998658e+00,-8.588717299805137539e-01
2.366859078332160582e+00,6.165534536951778888e-01,2.041260824149122577e+00,-1.271031313266265839e+00,-1.735728701772521476e-01,1.729982681492364449e+00,5.331566449685339881e-01,-8.785978395501156113e-01,2.497179648567326105e+00,-5.549704874071965666e-01,3.102695279995957289e-01,-1.445971938065890861e-01,-1.247030146770193859e+00,-7.781013349923548983e-01
-1.561902202022181552e+00,-1.197120428750320542e+00,-3.125806436964608803e+00,-1.043905359412042655e+00,2.218976671793494448e-01,3.211704388625010509e+00,8.843814693416688355e-01,7.243523390414583485e-01,-2.627818083450750297e+00,4.420890631908017454e+00,-1.208223629682934952e+00,-4.203709973720310966e-01,7.902517655775032068e+00,1.744673447830638269e+00
1.569581943840388183e+00,2.091710482510199309e+00,7.041873051798437366e-01,-1.111043617364187774e+00,1.169140100399517879e+00,9.649521260648978860e-01,7.452381305819636426e-01,-1.232491826120489797e+00,4.662520128653454776e+00,-7.440668521258574364e-01,2.262531893778080949e+00,1.797050850585374171e+00,-9.496800660763885515e-01,-2.406219220423031047e+00
1.435145414487014826e+00,-5.084207872524573180e-01,2.338549193119046965e+00,2.852581017739160354e-02,-8.998169271796377933e-01,-3.897558924905171196e+00,-1.893275082776995966e+00,-6.986886288686374735e-01,1.660719868731386661e+00,-3.581045915105887545e+00,1.010223922915728378e-01,8.749900236372953888e-03,-7.900314195590437016e+00,-2.951219536973292423e-01
1.128391999726590100e-01,1.300533325825833364e+00,-1.286399251233393715e+00,1.678648795544541161e-01,2.677821987531493697e+00,3.183087035929997644e+00,1.098775069350118372e+00,-7.106189910578036839e-01,3.265025872191748557e-01,5.695425461134784317e-01,1.674554829856045091e+00,1.772825548406038454e+00,4.041530572442810332e+00,-8.304781982547735364e-01
-2.480486126735517161e+00,-7.662045864013611318e-01,-2.889169008062714816e+00,-1.580842409987452957e-01,-6.531803243042986207e-01,-3.999631001800255881e+00,-2.094453680318264066e+00,-6.136820042552736387e-01,-2.089474875227405271e+00,3.256015450178122883e+00,-2.816374722850356616e-02,-1.280316623920423780e+00,6.708393720023765106e+00,2.146609900520285219e+00
1.417040586417924297e+00,2.375646419700230272e+00,8.312555173028202127e-02,4.445370134077711310e-01,-7.825416963001969872e-01,-1.178271399727564006e-01,9.773888162545644187e-01,-1.028305770019816157e-01,8.364399453566602194e-01,-9.067589744988397982e-01,3.091476456148731344e+00,1.957864737519250609e+00,2.780660935521877430e+00,-2.980346742685481498e+00
1.209920711286065487e+00,-5.089302034758389492e-01,-5.246995066775017591e-02,6.080807222541988466e-01,1.481819396458893934e+00,2.138946022920245049e+00,1.570590298254438688e-01,-1.171525081131769230e+00,7.160241257167310192e-01,9.446414467912772617e-01,-2.990365917306569421e-01,4.432092377674968220e-01,1.971044131486851647e+00,-1.279410802962904548e+00
6.749210479519602845e-01,-1.583401548581836904e+00,1.414395559433482941e+00,7.943355031223021667e-01,-5.743209390195821440e-01,2.898900705348355089e-01,7.036639197714903426e-01,1.300206188722580869e+00,-2.653122280654213849e+00,3.557816476723462129e-01,-3.163386395912997529e+00,-1.095466424082593981e-01,-4.194608459914327625e+00,2.058317929928084489e+00
2.633533045948083018e+00,1.691270663348757086e+00,5.812885390511719486e-01,1.066486887246292092e-01,1.206375173165603609e+00,-9.230140144218181852e-01,-5.887757582140416002e-01,-2.180613697969026876e-01,1.821327617728581982e+00,-3.553991779889309477e-02,1.887482458892247861e+00,1.950181308100181754e-01,-1.194317072228902488e+00,-1.405602490234130642e+00
-3.445871362148868466e-01,4.384172594798154687e-01,-8.730720716648188162e-01,-1.124430993042025095e+00,-1.312162891238878970e+00,-3.124864138501900257e+00,-1.677094889747150486e+00,-2.992005041102937385e-02,1.305832843437838564e+00,2.556381362233737242e+00,9.390662970458878434e-01,8.272372931878988478e-01,3.183640485769216433e+00,-1.248758524735966713e+00
-3.246200783557485980e+00,-6.559669787920348050e-01,-5.278295791114308244e+00,9.011051280083898218e-01,-6.574979837399153038e-01,5.152774523787768679e-01,-8.742965392753643261e-02,-8.519268370239549415e-02,-8.116020428114874008e-01,2.759891250356981018e+00,1.261358285842276050e+00,-2.681275060160907220e+00,5.906276587862406835e+00,3.249116696510506497e+00
2.049287415422578196e-01,1.048123005569538524e+00,3.500871228361988052e-01,-1.070184455417595215e+00,-1.811851578836125298e-01,-1.113426044410999349e+00,-1.237670822015071170e+00,3.730248327526166502e-02,1.903877373304916798e+00,-1.762826122754324931e+00,2.915647299231256540e-01,-1.466478462570020014e+00,-4.340156864296686123e+00,-7.438556703791020519e-01
-1.017989786011236353e+00,-8.203709726849726103e-01,-8.061904531712491551e-01,1.480176077304520721e+00,-1.066859604983689147e+00,-1.741509209934581914e+00,-8.305210306374912754e-01,-1.023512693936865725e+00,2.282823351102390319e+00,7.116496877438763802e-01,-5.308235964541770935e-01,6.705080791001551965e-01,3.838030904051723979e+00,9.164651690063865264e-01
-5.984048608822833959e-01,-3.629034554122685385e-01,-1.277031805262542896e+00,-3.830715196937286016e-01,-1.331958322471669343e+00,-5.868305468567545091e+00,-3.698918041617526686e+00,-4.524734924765506927e-02,-2.513061853705594872e-02,1.278214652016456787e+00,-6.588201851975656886e-01,6.095769255442181622e-01,1.805468018034354749e+00,-6.569939780452860312e-01
2.060877698263297475e+00,1.725333294247063942e-01,1.295297831976230718e+00,-2.348330314174715619e-02,8.569988944503952044e-02,-4.648560277893767356e-01,8.458245096021393961e-01,7.115987397325900243e-01,-2.244588002076743027e+00,-1.589192348778572628e+00,1.596880857426611788e+00,1.460532178982895335e+00,-1.012234289128057796e+00,-4.630146862903102289e-01
3.355286118823616603e-03,1.804495186420396885e-02,1.080323620822690511e+00,1.342729660636115874e+00,-1.316425281809259440e+00,-2.795111863180602008e+00,-1.425311443280212753e+00,2.585966286877396381e-01,-2.226946290550819274e+00,-1.548102223230654939e+00,-8.512645612100275816e-01,-3.443849507128259324e-01,-2.466039980737281478e+00,5.205479403235589997e-01
-1.094177347655481025e+00,-2.665710334730556408e+00,-1.540285219386509086e+00,1.390699904754034932e+00,2.905446899633944979e-01,9.571878245396554519e-01,3.988707485937709185e-01,3.982393453879721351e-02,-8.447902891488596744e-01,2.804751208080498159e+00,-2.330206558808074480e+00,-1.847882011433859883e+00,2.833590969017493411e+00,3.273693010204359322e+00
-2.105016699636481636e+00,-1.284005391959994746e-01,-1.309063334947005774e+00,-1.652969360038921420e-01,-5.158040507322200208e-01,-5.015559936907886263e-01,1.378326017793864988e-01,-7.300246780169615535e-02,-3.100073209021074749e-01,1.920938180300857945e-01,1.786708039728775566e+00,1.607853025777167044e+00,4.315247992358798967e+00,-4.442466501588485106e-02
-1.465462843604905974e+00,-2.419766644990446025e+00,-3.530908883122617414e+00,9.382696687778062372e-02,-7.740648881713078078e-01,-2.088074789099052975e+00,-6.007913357228393814e-01,-1.032690958071827536e+00,-2.577251409934580906e+00,4.760286507868269013e+00,-4.151745711546082518e+00,-2.094178647515789193e-01,6.806423668527014748e+00,1.063082469596100976e+00
-2.557404718095679375e-01,3.246853186122786172e-01,-3.286986294306634693e-02,-9.709764527056889971e-01,7.935945193310760537e-01,4.764937079885953053e-01,2.866826632743139092e-01,6.528038521453721765e-01,-1.383025371668081815e+00,-2.297952430801364354e+00,-2.722546087339968168e-01,1.122111492978616454e+00,-1.685457326245498599e+00,-6.827794090089206458e-02
1.756239330901258722e+00,2.051530321376973554e+00,1.444124097245897964e+00,-1.138162258178371466e+00,-7.931905607580508333e-01,1.137411515813393947e+00,1.107358478221702303e+00,1.326361266653490745e+00,-1.438691967280031569e+00,-1.947137008307392225e+00,1.428923587206151646e+00,5.869892432048658959e-01,-2.521286650855408595e+00,-7.064313492617612100e-01
6.726258601491192923e-01,6.024403540147722502e-01,-6.993606917056717220e-01,-7.257910260336498665e-01,1.673667627692469351e+00,1.686486507925371914e+00,1.663022021815729445e+00,-1.145064069337987656e+00,2.287257029812259201e+00,1.362583304530570416e+00,2.122457869157035049e+00,9.819169774307963117e-01,1.617809195687351043e+00,-1.970421129686744433e+00
3.833159747430592290e-03,1.436601121362871769e+00,1.653673162641616790e+00,-2.327950497705472355e+00,1.938074385227740448e+00,2.145691755754452590e+00,5.807309594025258370e-01,-1.549929130753737949e+00,2.116603699140421568e+00,-2.128065655454153493e+00,2.055859020196221021e+00,1.237164036760441510e+00,-1.524268732625120304e+00,-1.402969444918541697e+00
-8.988927677242602998e-02,-5.980752163042546421e-01,-1.432625752864592761e-01,1.017780372141271705e+00,-1.771322142412093070e+00,-5.119206094009491892e+00,-2.380160486933115660e+00,-3.973865527781487161e-01,1.330487360878677805e+00,-6.620800950800979079e-01,1.575712345903416134e-01,-7.516565823919585387e-01,-2.088990977888047329e+00,4.196070751764835460e-01
-4.693414298926640305e-01,-1.081955849332930208e+00,4.531221947506091641e-01,-3.890526433237138093e-01,-7.240596288299473438e-01,-1.015900855492581911e+00,-9.795710070071614872e-01,-3.978452886823112267e-01,-1.993913151311873522e+00,1.802314731621648125e+00,-2.715864238503070460e+00,-7.068432522917585947e-01,-7.416927681677383255e-01,1.027229824150853954e+00
-1.098901605781543278e+00,9.322190205071202718e-02,-5.501323930761594649e-01,1.768760011622482864e+00,7.404231510697283081e-02,-3.092367005716999961e-01,9.674678224617017097e-02,1.272421851558529049e+00,-1.783146448901831382e+00,1.910023498843639977e+00,-9.679799745450530235e-01,1.784061849699007940e+00,4.427567723968027558e+00,-9.751242822593527704e-01
1.185187838714751724e-01,-1.130178197673313151e-01,-7.761921512269555068e-01,-1.265398014160714402e+00,1.765619865095597651e+00,-9.683029708823635007e-01,-2.506733266750392763e-01,-2.338599393020911688e+00,1.497809521569582580e+00,2.199931066066793228e+00,-7.050635810966976447e-01,-8.840013942509106215e-01,3.554907295702307124e+00,-3.074026251210725813e-01
8.593924268080305184e-02,6.400713161771124371e-01,1.141992687704660669e+00,4.841178947677122757e-01,3.718725228528899640e-01,4.614916087718674564e-01,1.036705172038800971e+00,3.946553082986976602e-01,1.281239393893658374e+00,-4.018041765738792570e+00,1.726248778398164596e+00,-1.045126184718129236e-01,-6.741326312708618040e+00,4.061773674932658840e-01
1.056642268521549521e+00,1.173107949659086824e+00,1.560750622039515978e+00,1.076370658650445788e+00,-6.460689639752268398e-01,2.056896752869291078e-01,-2.070696048528180011e-01,-1.273692560519242845e+00,5.063425093914456498e-01,-1.166384203056613167e+00,8.886663499604401384e-01,2.378594160083325804e+00,-1.912651007099619438e+00,-1.287347934534850413e+00
1.539396075859070789e+00,-1.042574743342764704e-01,1.313646479185913041e+00,8.601706490792875304e-01,6.846750641355249245e-01,4.964526078059577352e-01,3.115293105675390750e-01,-5.984194565380926978e-01,-4.487028668031992629e-01,3.143446338564535036e-01,1.403658759541689838e+00,3.106290741865113114e-01,-9.752149464475822205e-01,7.345866430649893308e-01
-1.267087671395623838e+00,-8.799251215254569880e-01,3.409628359578031898e-02,1.242740907320800003e+00,7.496337533335436509e-01,1.715843747514695483e+00,1.702903497239405262e+00,8.922203480956036881e-01,-1.969426043045610086e+00,-4.545781071773110082e-01,1.494989977891270083e-01,1.271124611942312799e-01,3.004326775420163020e-01,3.375073066602116145e-01
-2.344719955717622650e-01,1.987385515587469509e-01,-9.813352053449572732e-02,6.166013877552526390e-01,8.858821955332997211e-01,-7.612376589427322093e-02,1.314794828502914292e-01,1.256799534878686897e+00,-9.910976506221012006e-01,-8.597586245947602679e-01,2.320115330022837430e+00,1.342171724492346341e+00,-1.460844565632545722e+00,-6.566724636752845345e-01
8.526945776891315942e-01,8.989337008063811307e-01,-2.429383865920146102e-01,-2.034067937099068413e+00,-2.139351093945114357e-01,-7.620476574115531143e-01,2.688984467784581445e-01,-1.430542220779616180e-01,2.057357492786399344e+00,-1.303601615770146438e+00,2.707710720664200821e+00,-9.718946155488001892e-01,-2.184434913065059991e+00,3.410663511765054112e-01
1.003604072420312576e+00,1.068919221888992854e-01,1.815271064770717979e+00,-9.139871548816480562e-01,-7.395323644017375297e-01,4.360922510431767263e-01,-3.881037648593195777e-01,-2.484069308680076638e-01,-4.828228141718521327e-01,-3.445096823144137232e+00,1.834521797386452491e-01,-2.061764915876809212e+00,-8.002510090730051928e+00,1.206091715115796825e+00
5.267600404260290858e-01,2.008402581189824510e+00,3.806881943504545895e-01,1.023182644563331190e+00,-1.390354589728493906e+00,-1.219457075602172313e+00,-1.515590353075326302e+00,3.268916303744006102e-01,5.499999170207892085e-01,-2.920249128546839934e+00,3.237758398748179722e+00,-1.892966098529851871e-01,-3.952218855692356314e+00,-5.206164419380883146e-01
1.481686562136966812e-01,-9.685821284489601335e-02,4.322917220922677384e-01,1.073956648267258229e+00,-3.959230652574087239e-01,-2.219641050080502165e+00,-3.817080167805918522e-01,-7.152440979651701891e-01,-1.327504546670246199e+00,-3.925601475814772368e+00,1.210495447334771324e+00,-2.599285529293454466e+00,-6.749318213178869819e+00,2.399536432475820380e+00
6.558498207329771512e-01,2.348368850976402522e-01,1.335275111283878768e+00,6.322918443118532572e-01,1.539502749013609506e+00,5.719467658968888202e+00,4.237142653341918752e+00,2.751370762977311202e+00,-2.888046496625170434e+00,-7.853464365003457459e-01,-3.302769713405684371e-01,2.535226500402085748e-01,-2.855360357447510822e+00,1.000797695974418589e-01
8.405606552457356440e-01,-7.213672664276498114e-01,3.939096815536841101e-01,-1.488672337577511495e+00,-1.669358764120796979e+00,-6.027708047938314939e-01,-1.053569681042398898e+00,-1.713653789785944292e+00,1.533986610163258657e+00,4.570939906868736746e-01,-6.281092074093592714e-01,-7.423486010339408470e-01,-2.756879358767743149e-01,1.753158865745501060e+00
-2.264863182784506712e+00,-1.357041668710831761e+00,-3.367205953096077842e+00,1.347249332477088224e+00,-4.093701721146265626e-01,4.363813507955898174e-01,9.904432760337494868e-02,1.686257037449772622e-01,-3.453352105874182953e+00,2.695312763798533684e+00,-1.987661038295261529e+00,1.967227517048445229e+00,9.207698558697211766e+00,1.604984429384688216e-01
-4.661056218430847942e-01,-9.867795872975817506e-01,-3.609066484173184541e-01,-1.041335848739910697e+00,1.869730918505420947e+00,3.398920864550618592e+00,2.512900929532649208e+00,1.640691624139779980e+00,-1.500840158313829331e+00,1.522129855245712760e+00,-9.589449494713144784e-01,-2.110694260789100607e+00,2.195498820694775644e-01,1.227160543217113986e+00
3.083213357998475956e+00,2.503944229210670613e+00,2.935030210610042101e+00,4.976353346828529256e-01,-6.476474937344332827e-02,4.833343656590096682e-01,1.278805266311435762e+00,-1.924486147705630479e-01,2.067791951262554218e+00,-3.719212660049688424e+00,3.901093117056580351e+00,-2.730660674319546066e-01,-6.882501227385430909e+00,-9.569964717755977679e-01
4.349263731519956155e-01,2.969577347744910556e-01,-1.486335051600624402e+00,-1.706548723683636970e+00,1.375258081388614773e-01,-5.584865884659246049e+00,-3.531524477962356023e+00,-1.394047866053255147e+00,1.051190556297948220e+00,1.439757975529832645e+00,-7.994724567290498740e-01,-1.551303279566526583e-01,5.839502434254919550e+00,7.790320244043262843e-01
-5.885428281646042370e-01,-1.338966688591687326e+00,-2.728662666614154464e+00,1.287839538648359650e+00,-8.675379303989838586e-01,6.110219704632445792e-01,-1.353171319867724209e-02,2.768683515578623799e-01,-2.092619431734601854e+00,3.225461061328684043e+00,-1.303216212807748242e+00,-6.937999124886795599e-03,4.447464736557634524e+00,1.640287171246919140e+00
6.920222045546797762e-01,4.138564975629157594e-01,1.954417630847368192e+00,-5.849250740205357291e-01,-3.150295429943023029e-01,-2.715267778682933120e+00,-5.521812121436444620e-01,-1.145799566177948980e+00,1.191301424535754716e+00,-3.058500552639205616e-01,-1.022434032769952816e+00,-5.095528309925051458e-01,-1.438384786244847557e+00,7.064492119079331944e-01
-5.842156212044895547e-01,-1.798998232756073401e+00,-6.847368202104509027e-01,7.269047931015002462e-01,1.972930537774733872e-01,3.153761526196983134e+00,1.082759895999198418e+00,-2.358268355482606993e-01,-1.256334356859559076e+00,8.224315117610703219e-01,-1.626838572437615760e+00,1.758716908034529958e+00,3.118141486310589183e+00,-6.853687250606899095e-01
3.380443083769077428e-01,7.002892418183500611e-01,-1.025360174671491098e+00,-2.069706807361100798e-01,-1.358686360577297858e+00,-2.214586521142930309e+00,-1.081772653299767128e+00,-3.650383652825794911e-01,2.401903910725588620e+00,2.179677652385733744e+00,-4.331419055312324407e-02,1.462325204877525930e+00,5.472422712515372822e+00,-2.353480228907828931e+00
-9.837601521685541694e-01,-7.669312328849394733e-01,-4.152583822098163679e-01,2.755625798659552261e-01,-1.034362191069319259e+00,-5.490582775248067371e-01,-2.256296228913339696e+00,1.600749659178903217e+00,5.759298160795243149e-01,1.066239860818053442e+00,-9.142841341390637311e-01,-1.336763642909608141e+00,-7.464229285278262127e-01,7.876850298197303202e-01
-9.262764560289875604e-01,4.486733501608369812e-01,-7.475608294232134465e-01,9.586393324365886093e-01,9.368160715837361430e-01,-2.032111449946652826e+00,-2.841983933913309057e-01,8.174938730807028431e-02,-2.365520478466376364e-01,-5.928188041581852197e-01,5.692975211555647563e-01,-1.383328734061744614e+00,-7.238794381303228498e-01,1.862606858780952335e+00
-8.546310933325812487e-01,9.366326461890666089e-01,-9.565134101283857548e-01,-2.318286556872903859e+00,7.962881020828375123e-01,2.501581517827407009e-01,-1.232540630165701590e-01,1.069911990673940272e+00,-9.336197536180199652e-01,-1.350330238859770215e+00,2.216904632530094954e+00,-4.667095983252930180e-01,-4.257176452928183030e-01,2.388909859438893557e-01
1.575296723721799630e-01,8.182587090966630949e-02,1.259461992799703500e+00,3.232089512638588458e-01,-5.559977622998715230e-01,1.892974083607475322e+00,3.947331471123984303e-01,3.070216397297894084e-01,7.328522054688493270e-01,1.408563041130690974e-01,-1.300602424704135007e+00,-1.064430541821895115e+00,-1.093645522481727195e+00,-5.830842528793229729e-01
2.492820523019282142e+00,7.097750739447880042e-01,3.592665202466720498e+00,-2.577056607176009817e-01,-1.691457693921477823e+00,-8.380709023375341182e-01,-9.051835803939585201e-01,5.612872257160067546e-01,-1.693835648185080700e+00,-2.723222528476241244e+00,1.674592592116388445e+00,-1.295801262696506972e+00,-7.663450528261351202e+00,9.576353708589570024e-01
2.534742437924634828e+00,-6.071204398300810157e-01,3.140574148356848116e+00,1.176351861946415278e+00,1.114291445262741487e+00,1.553710070287789069e+00,1.032143929208720001e+00,5.696620572296341445e-01,-1.560507086445916292e+00,-1.994882915852761229e+00,-8.653737581595676298e-01,1.641703236749551209e+00,-4.284145590248671809e+00,-3.546220506262062755e-01
-4.518749696768683544e-01,9.635251056984482920e-01,7.151976695136905704e-01,-4.179953233191953110e-01,1.794536035578694566e+00,1.857415018846024779e+00,1.778474441327079658e+00,8.731462179827252923e-01,1.803607177852749155e+00,-5.206983555313970946e-02,1.352655529049529681e+00,-8.445089326048749179e-01,-3.439728447653226606e+00,2.051104783711398261e-01
-2.188223351895345559e+00,-2.117063147959958036e-01,-4.342040465422061679e+00,-1.763668921924945454e-01,2.697337582522130184e-01,3.789933808748151556e-01,-2.187384114880442931e-01,6.641863246228202344e-01,-7.523655957410617656e-01,3.243116502382175970e+00,-2.932665791745892037e+00,7.280193121207962914e-01,1.004197318151833329e+01,-2.940917583767861943e-01
9.864739728455496071e-01,-1.085876205967059249e+00,2.111437194984880250e+00,-3.467479634810007316e-01,-2.983797816829565797e+00,-1.468169356887852661e+00,-1.492784823224385438e+00,4.589128912703467900e-01,1.168678049079583170e+00,-1.648172195953658825e+00,-1.169994363291160466e+00,1.394742559743255284e-01,-4.887046639730375119e+00,-2.574261315117974958e-01
2.205577487230774736e+00,2.756290342306944030e+00,1.200112480963769990e+00,7.826108317316544660e-01,-2.122682629481179029e-01,1.851448454006277888e+00,1.660951750174525898e+00,2.208401957041844277e+00,1.052258705603471345e+00,-2.170526947468359502e+00,3.441047853416997260e+00,2.394158312750105377e+00,-4.184619808744843183e+00,-3.171427726281438542e+00
-2.115245356130797116e-01,7.514209343815806408e-01,-4.147531069218196031e-01,6.203452741359473110e-01,1.254175503638461198e+00,3.028378094717792290e+00,1.855568670299705625e+00,9.918699982783055757e-01,1.031562959308950145e+00,9.135039733329244349e-01,9.840062304264252102e-02,-4.928994783217011122e-01,1.418618509008584105e+00,-1.178482414934053368e-01
-1.038758870617212171e+00,3.280767728021349861e-01,-1.905574498965061814e+00,-2.474011318927872072e+00,1.649548785768088777e-01,-1.601449781225930291e+00,3.376077065644992325e-01,2.541030720080751926e-01,4.722744658848438970e-01,2.130103074277718278e+00,1.328852753647887797e-01,3.214042021353336054e-04,4.430567647654678254e+00,6.434722340354630532e-01
-4.238633447276762833e-03,2.219765494575428877e-01,7.783722861288121242e-02,-8.459765843284015041e-01,4.742597148720993361e-01,3.210004805498939184e+00,1.711515380246734885e+00,1.089413447639577592e+00,-2.030699565751586722e+00,9.243989496977296216e-01,2.017008938143311503e-01,2.680616583903818739e+00,3.826151869254606375e+00,-1.634969655134582256e+00
-1.117337910285907121e+00,-1.230623381887877843e-01,-1.965844143230017327e+00,8.301268900404206175e-01,3.542841729849904170e-02,4.105349628533166317e+00,2.713307875324011409e+00,7.983330266217301130e-01,-1.185047220577042593e+00,1.517697188872245251e+00,4.059253609820367426e-01,-1.867780701863651860e+00,3.265739358082485388e+00,1.840718709023200450e+00
-4.564118679832216419e-01,-4.268003567683828492e-01,-1.653372347615197580e+00,1.756695295966186343e-01,7.339181950349249473e-01,1.745281130125837965e+00,2.327915167423434184e+00,3.926766116066912615e-01,4.874311127141517375e-01,9.589923019027232209e-01,-7.727672895237528428e-01,-4.878925026273065457e-01,2.328865650060532921e+00,-1.607328624364760539e-01
-8.824513100719917347e-01,-1.372322040369138518e+00,6.108523740386084810e-01,-1.544157390294176757e+00,4.130560246289842752e-01,2.158897411756653284e+00,2.121790977061897898e+00,1.142271588039637242e+00,2.019278695071552665e+00,-2.219050990485574193e+00,-9.836293598921534986e-01,-8.381750928750452134e-01,-3.789968000284697602e+00,3.534060771040570259e-03
5.888004326810228894e-01,1.377239084369700495e-01,6.084518423574474255e-01,9.244309791376413843e-01,-2.109902735914020999e-01,2.296244269165929608e-01,3.771133978137107268e-01,7.501118535389635078e-02,2.125063310302229169e+00,7.347153989867106771e-01,1.042427780073287430e-01,1.742544908580006657e+00,6.567381991157115184e-01,-1.956561040985690170e+00
-2.105830405650197967e+00,-1.110380744776188422e+00,-1.789525998641152693e+00,-2.953954737018381405e+00,8.705689796943801850e-01,4.386964148547834341e+00,2.560975743681712213e+00,-3.347397864131098078e-01,1.573751218497265736e-01,3.247823740748133847e+00,-3.508196211271507714e+00,-7.807437255525569997e-01,4.420225956695868597e+00,9.692941205362723966e-01
-9.828942600884327252e-01,5.117052319468499144e-01,-8.544734645901203018e-01,-1.716560960904738531e+00,-2.246729590947048674e-02,4.483648152394553721e-01,6.205775679989566918e-02,1.433588018382805140e+00,-2.463088193088549538e-01,-5.824992773103001564e-01,1.425423524903095540e+00,4.797893313964817774e-01,9.309809153326848996e-01,-2.661751538702674669e-01
-8.955281089339365286e-01,-1.727144636301883640e+00,-2.151818758360698247e+00,-8.122498373084262591e-01,1.384944483945144578e+00,3.327392973171752644e+00,1.862308872416532202e+00,-7.534995334872887085e-01,4.375885695672284692e-01,3.795499574044410185e+00,-3.418451625976478780e+00,-9.666427134336184057e-01,7.621028897271932223e+00,6.699857351200688704e-01
-8.902181959978070491e-01,-7.225820321158420434e-01,-1.659830062645783588e+00,-3.049625961969043009e-01,3.470194600340637536e-01,-1.303826518700228476e-01,-1.110805806340245727e+00,8.015009488832780526e-01,2.244154881367216969e+00,1.899965789611310463e+00,-1.849145151028502632e+00,-1.262246181027701475e+00,4.027305288169601205e+00,-4.852520624034609709e-01
2.301518443033144568e+00,4.385122984571483973e-01,1.853215128879268203e+00,-1.586108314611702097e+00,-2.663155640102419786e-01,2.363200905325083312e+00,1.176766842814047642e+00,-8.146737824295132713e-01,8.637543169912197394e-01,-3.820752062286104644e-01,-5.612346072699783139e-01,5.299791962083941765e-01,-1.399179375230507727e+00,-4.282762577914461799e-01
-4.637538526644556236e-01,3.802686540190644560e-01,-9.419284317734738510e-02,-1.335590329587629244e+00,-1.302371480565666539e+00,-3.890777127398683533e+00,-2.344914138790336722e+00,-1.222139891779529419e+00,1.380830651215030125e+00,6.317987236933397810e-01,1.049962727542751439e-01,1.379899132498266567e+00,1.122675777473550962e+00,-1.391543162807705514e+00
6.525903361146239146e-01,5.226328015529502213e-01,1.366194369646918538e+00,1.830349314664549309e+00,-1.277265176341529251e+00,2.899727410330873445e-01,-7.102295043896009741e-01,1.909921918763501703e+00,1.969373471860338953e-01,-1.216696556142808916e+00,8.578240714686524715e-01,-1.761871530055912904e+00,-4.206585198402664538e+00,3.357202453342916781e-02
-4.250601942138332312e-03,3.109997320993476144e-01,-7.119843881452656564e-01,1.449393670379813537e-01,1.584729835704586642e-01,-9.622087556956750998e-01,-1.261354166404788257e+00,-2.903989632526962628e-01,-5.287057545573281558e-02,2.223743462775514157e+00,-1.331637042319606223e+00,1.021820335245752887e+00,4.520359097844482754e+00,-1.010683673420727180e+00
-1.805874137873377805e-01,-7.306115591688197020e-01,-1.522970905467006641e+00,-1.352966880640963598e+00,8.760703944190066927e-01,-4.065001879324736667e-01,9.656783945463438545e-01,-1.850091725411236177e-01,2.684257295197433058e-01,1.808887940849784437e+00,-5.806907294529199959e-01,-3.093467425889969147e-01,3.754701410408785467e+00,-1.642445178070055523e-01
1.678826492159431583e+00,-4.674169264580144145e-01,1.237284433026114350e+00,1.408309360488792183e+00,-9.282891831976883834e-01,-2.964032853150257107e+00,-1.976976265639073471e+00,-5.277842710800967341e-01,2.595140217860175680e-01,-8.008976830074333586e-01,-1.081065524543864953e+00,-2.147086598089811282e+00,-2.653121451983613710e+00,2.071335003838325139e+00
-5.240486548646563492e-01,-8.435167652324594423e-01,-6.262610711365584892e-02,2.919897095561923561e-01,-6.091715530821530944e-01,-1.597087232263382006e+00,-1.586819060350184607e+00,-1.518299114132242444e-01,1.109937211248910316e+00,4.929545832752303403e-01,-1.752426910196768439e+00,2.098411280068578577e+00,1.902054337297896636e+00,-9.722404782143077018e-01
5.548242611439493377e-01,5.921716084940613634e-01,-3.250827498868207321e-01,5.164108073696225265e-01,4.485811817283865133e-01,3.402668789582642184e+00,1.684566291960319262e+00,-1.050503317986608343e+00,1.179457306946108952e+00,5.151454697967641216e-01,1.318793703002067774e+00,1.141271047874784950e+00,2.563482487445153168e+00,-3.255541178433417060e-01
6.337295608323352258e-01,-4.215696900831564231e-01,5.842578217756724257e-01,-1.354137319996641775e+00,4.274366144748372731e-01,4.841293518485409564e+00,2.204973488525010517e+00,1.315786898993394294e+00,-5.914156718012517633e-01,-5.434732984152618185e-01,-8.195731816132754144e-01,1.491628907754098954e+00,9.165722928737535247e-02,-1.044074437755233564e+00
-6.736452574033419127e-01,2.008998404498295223e-03,-1.491254390446002720e+00,-1.611046187073372105e+00,-1.440613685020815105e+00,-7.668329419756618748e-01,-1.456908132300028580e+00,-2.302290022108623713e-01,1.093555110306368983e+00,2.291867561346180526e+00,-1.756500547394932443e-01,-2.707770139568729029e+00,1.507140370725050360e+00,1.454643404296656506e+00
-7.893871338817430861e-01,-1.479006810068323130e+00,1.724467593178458102e-03,9.151093358721761328e-01,8.964343970368883197e-01,-9.775402935671329008e-01,-3.700574306293012428e-01,-9.370917804704032017e-01,2.572958960511773974e+00,1.431835410671507880e+00,-2.950810885484396184e+00,-9.373704986928975691e-01,1.883728785214090706e+00,5.511202029860018392e-02
8.972840033634511547e-01,1.599956412742305156e+00,-1.026506728431437310e+00,-1.515278708397615470e-01,9.733668922216395236e-01,2.498805293583792775e+00,9.798376726089736977e-01,-1.347739107216563870e+00,1.942000789938903127e+00,-6.837909028075963569e-01,3.557584316327238483e+00,-6.979572681392837152e-01,8.080270350680153202e-01,-8.679233435659755580e-01
2.517628137652707210e+00,8.987359958806161453e-01,2.745560998834799538e+00,-6.329434726822498192e-01,1.268925480775100478e-01,-2.079759225471630835e+00,-1.820872074619846570e+00,-3.992943502911533438e-01,4.252884167282467764e+00,-3.123501890944161641e+00,2.104923095506658015e+00,6.735049785791785704e-01,-5.740466671103591878e+00,-2.019215650587889765e+00
-1.553482239801129705e-01,7.748166203917203343e-02,-5.899671334461477346e-02,1.902012150822917080e-01,-7.482882178196209599e-01,-2.783309725250506794e-01,3.842701468204866022e-01,5.159567373167988080e-01,-1.025618890064887267e+00,5.268682666121693448e-01,-2.258550534640890728e+00,3.908752088592882257e-01,2.484340407835935682e+00,1.369598198869878269e-01
-9.927852205680174347e-01,9.741853338485981229e-02,-1.038682947212526742e+00,1.494578338087993175e-01,4.051342691227578507e-01,8.897649129301067328e-01,-4.661149391420202348e-01,4.354032906467151381e-02,1.421220413892595236e+00,7.535004155638359569e-01,9.393267716145464741e-01,9.075122662698109632e-01,3.091491073222552455e+00,-1.142192511021099088e+00
-8.190669002746757688e-01,-8.420327297674359279e-01,7.067477263945642907e-01,6.318839077877688171e-01,-8.754629026604088260e-01,-2.724417278148559163e+00,-2.711764370052374140e+00,-2.310003226354414352e+00,-7.869167575122287817e-02,-1.123898971227083488e+00,-1.128113489470276232e+00,1.753878363496791826e+00,4.549555236681299686e-01,-4.067046921619965616e-02
-3.390004184003844179e-01,1.993817283470245283e-01,-1.499891801300669236e+00,-1.572287401253800398e+00,-8.946461369635094751e-01,-2.496435084634217816e+00,-8.361020336588369517e-01,-2.288279143711227981e+00,1.917623367900369802e+00,1.886261776695746573e+00,5.676443629319958273e-01,1.740019848485670817e+00,6.511876170621325066e+00,-1.259970018151525428e+00
8.684459106484141433e-01,-8.711304986456785970e-01,-5.531735949927791829e-01,6.834445621582073416e-02,8.034723362717650641e-01,3.507173953474086225e+00,2.319815722425898397e+00,-9.922139050167719243e-02,-3.148507089107150936e+00,1.308990812748362931e+00,-1.107469224797339891e+00,1.050935795761905878e+00,2.782283800377185479e+00,3.261947660709059171e-01
-8.059437687069874734e-01,-1.161417644844661812e+00,-4.159173619131680266e-01,1.594250638426385258e+00,-1.536545166498644255e+00,-3.228262152357027404e+00,-3.369941852597011511e+00,-1.522508305341763624e+00,1.856584723594904895e+00,-1.989762626903373022e-01,-1.643023432242216142e+00,-1.449364088122750083e+00,-7.375307431135946779e-01,5.461806860423545906e-01
-2.074974828576423569e+00,-8.851390430129486564e-01,-2.705449540575894929e+00,-6.210737101284924400e-01,-3.714623456576816585e-01,1.768368490568890117e+00,1.130158272604096181e+00,1.080606373058349973e-01,-2.241889549838893991e+00,2.056716072092759529e+00,-9.604144034445962763e-01,4.068242765745377909e-02,5.832792616781038220e+00,1.996795301003953194e+00
9.002561831049786800e-01,6.683533443817141206e-01,1.463898839695050302e+00,3.905616287742686432e-01,5.340004524222846660e-01,-7.455850143344621150e-01,-2.274904074823219935e-01,-1.300194361950747002e+00,5.339760792536512035e-01,-4.504675282029636740e+00,1.128681965872235349e+00,9.010150352559671560e-01,-5.909391799576688697e+00,-6.887758354947047801e-01
-1.489583412125992323e+00,-1.405977896767429014e+00,-1.473918691337912090e-01,5.525351722708610192e-01,-3.361321554029768066e-01,-2.692226853848251888e-01,1.295006778376380785e-01,-7.411793176762249136e-01,2.359858203793659737e+00,-8.543668361559360047e-01,-6.293159948619340138e-01,-2.588297905271560673e+00,-3.057200528526953676e+00,3.510306735320622984e-01
-4.699823004817567096e-01,2.000296924594908987e-01,-3.118207263914520855e-01,-7.213975538787706920e-01,1.098686149021338876e+00,2.928904204043610626e+00,1.010780838563957840e+00,-6.147003400543019636e-01,3.946706601964003802e+00,1.531964664545029997e+00,-9.703657594949811616e-01,-2.122372479615859397e+00,-1.041377321978771198e+00,-2.875365327880544108e-02
1.966507969447498727e+00,1.441418563677725251e+00,-1.338781610035319147e+00,-1.545102156773889845e+00,-4.705074464102829701e-01,1.903119874096533604e+00,9.917682512414072171e-01,-4.710368307179158553e-01,1.241231462644614369e+00,1.343579488675811007e+00,-1.926280512483820040e-01,-2.290633362461541866e-01,3.094466652373395910e+00,-2.886878892089392856e-01
-2.814729945602798544e-01,1.502628263780638462e-01,-1.119812328257888234e+00,-1.844926976177503342e+00,4.151295013861762591e-03,-1.560483568953877853e+00,7.012992918175242618e-02,8.502351132296539493e-01,8.966141116129144883e-02,-4.611760178411361544e-01,3.229361484984885955e+00,1.364820367262349787e+00,1.638388611225571223e+00,-1.110350212501393985e+00
-2.247009530165505087e+00,1.065863510499241773e+00,-3.666780593082479278e+00,2.522512065605533524e-02,1.396411680493963470e+00,6.886268581344181516e-01,1.557989935159230566e+00,1.518064429426724926e+00,-6.225417838996707420e-01,2.655687186169733316e+00,7.452228667841496179e-01,7.507077138184276022e-01,1.015420538769156700e+01,3.992432809047391506e-01
-1.931219357263431191e-01,-7.779259967450269375e-01,-3.821107704842722219e-01,2.702184718199175384e-01,2.252368289882233643e-01,-4.754541056039548463e-01,-1.053430898699756924e+00,2.938588128675947431e-01,-2.936345602142325095e-01,3.845539313926481517e-01,-4.193106030687346886e-01,5.560778268866426455e-01,2.349854065205362996e+00,4.015185889226244864e-01
-1.241356633560387390e+00,-1.657726409644174614e+00,-1.932238237301884265e-01,-2.006714177885693839e+00,6.551679683890739014e-02,3.699015123352205059e+00,2.653291007843812999e+00,-1.950076446506493755e-01,-2.558279764195923178e+00,9.097195409757732332e-01,-6.390050579798598474e-01,2.679836357527064505e-01,5.566891055727657411e-01,1.381284692395296831e+00
2.724903751079061354e-01,-4.238301303007462328e-01,1.476408873969723201e+00,-1.934145609352579953e+00,-5.478758297340958761e-01,-4.620198011255071791e+00,-4.745711576285719602e+00,-1.953924204396007669e+00,4.550053856372475281e+00,9.992537025540004780e-01,-1.109465650384802604e+00,-1.227119556706002701e+00,-1.492883205524437873e-01,-1.838971019091114378e+00
2.278686985107210017e-01,1.361296768706841687e-01,1.006327888224569422e+00,5.997201850379635379e-01,-2.355672927244399695e+00,-5.765699300562896923e+00,-3.345270443939148741e+00,2.022675508526363131e-01,9.222761504855855330e-01,-1.704971977982255193e+00,5.609201728645847318e-01,-1.085705510592622991e+00,-3.307720320296651195e+00,1.236233253600717841e-01
1.392834280496474397e+00,9.484602030864802691e-01,2.290517960752771920e+00,-4.062830090773432157e-01,-1.266007739497303275e+00,-2.111727181514684748e+00,-1.367198794082961744e+00,1.031669958807177462e-01,-9.107267893538009140e-01,-2.467609506490848315e+00,1.345307101370193603e+00,6.877383638206061578e-01,-5.491609908125592909e+00,-1.058166305783472483e+00
9.457068626212370432e-01,1.395253392290251027e+00,2.543643284725529696e+00,1.753333693436871288e+00,-8.943346666192230066e-01,-4.609476104387640882e-01,-7.885092997158109629e-01,-8.743614230337661830e-01,1.104973213436625024e+00,-2.135018892259823886e+00,6.500627617774348277e-01,7.653642225349620576e-01,-4.114769640888852997e+00,-1.656370453224256911e+00
-1.534661639377404185e+00,4.316134267484472153e-01,-1.600677878182802827e+00,-1.477057981287820954e-01,-7.182041866302207866e-01,1.581706192983957315e+00,-1.777358047500337546e-01,7.112699231508187170e-01,-1.468861569176499238e+00,2.545130967555100820e+00,-1.000171989556427388e+00,-5.679314305338332147e-01,2.916031797368498601e+00,4.660786592188032040e-01
-4.217730887238877457e-01,-1.226564074364806078e+00,-1.177759714153936210e+00,5.041141007500175020e-01,3.808384229111566599e-01,8.745907629881060075e-01,1.580258883870418796e+00,-1.060151857847078521e-01,5.584868769689960155e-02,2.442967233241204017e+00,-2.173195034563750294e+00,1.796915214764855662e-01,3.930268168360120828e+00,2.689007639467979605e-01
2.055370581649710315e-01,4.751982433524513660e-01,5.485964239506772033e-01,9.563410901794039409e-01,-2.101128494617832687e-01,-2.573226826492970964e+00,-8.642068555729369717e-01,-7.996254592235234604e-01,3.137686474209219867e+00,2.890779782509778073e-02,4.855074412661793959e-01,-1.604313431428996406e-01,3.998288258139963691e-01,-2.084105920054815098e+00
-4.313746345305920826e+00,-3.391773814704970746e+00,-4.680163459242187685e+00,-1.417176514043379854e+00,2.116408309566187307e-01,-3.928111562587354388e+00,-2.805840802681666801e+00,-1.233846336106329877e+00,-2.259218763796208229e+00,6.357156303810616471e+00,-4.727573090719701554e+00,-1.307197389339694205e+00,1.191069498378169200e+01,2.312375968114162017e+00
2.006372779605323231e-01,-7.384806578064174731e-01,-4.021885148296967527e-01,-1.435733860813577456e+00,-2.957621431067825046e-01,3.623343678890536879e+00,2.073605904179554038e+00,9.110397698646832687e-01,-6.958451221675273635e-01,3.237398030444609276e-01,-8.902228142624648566e-01,2.469449170025380447e+00,3.266991370335678990e+00,-1.363525720580621492e+00
1.618810724230998477e-01,-2.817709318088051362e-01,-5.351036449722602617e-01,-3.718419337294784355e-01,-7.857471656348785638e-02,-1.128341531083593141e+00,-8.638198621756030260e-01,-1.115621853308073730e+00,3.566896738663043465e-01,1.583453936245889482e+00,5.492145341524699020e-01,2.775321344920100852e-01,1.528088071323060682e+00,1.206379617246587044e+00
6.915383855785439682e-02,-8.939881340289423939e-01,1.268491136122457119e+00,4.731647826801314571e-01,1.403585594618732280e-01,1.315185418054198307e-01,9.547398767026671340e-02,-6.829704520112880317e-01,1.917047842005437319e+00,6.172534628075010410e-02,-6.132094571997727117e-01,-2.028666159648736533e-01,-1.875157191139762869e+00,-7.055121627002017837e-01
9.272476644712154270e-01,6.516355994577026634e-01,-8.867511712696549697e-01,-1.908988520682775691e+00,1.573249014793127287e+00,3.062096432748194985e+00,3.036858073706148797e+00,1.170752406761033093e+00,6.314853557595376810e-01,-1.916484001587997810e+00,1.396768803826827110e+00,-1.013514592996770824e+00,-1.418239675698544700e+00,-1.793798492269904177e+00
-9.776738095710229004e-01,-5.820993863948199509e-01,-1.211261623834275269e+00,-5.309553527738564149e-01,-3.771872545170590861e-03,-2.481875572295324073e+00,-2.499283840404475043e+00,-1.624096328589530236e+00,-1.040914394487412187e-01,-1.383219859966492660e+00,-1.017299156605013133e+00,7.707368952198438983e-01,8.512313618412761240e-01,-1.218050501201428104e-01
-1.508761625718224364e+00,-3.228063940180391778e-01,-7.848579640860073869e-01,9.234291153935590968e-01,-2.208050386883698146e-01,5.198292907951785891e-01,4.198915299256403832e-01,2.691981786061982684e-01,-3.944107127245949362e-02,6.169810649175613282e-01,-6.956007137051727351e-01,-1.683534654668256580e+00,-4.097899269272929912e-01,8.838523430533442582e-01
-1.704032337016193610e+00,2.720999870586824909e-01,-1.244167508754783658e+00,9.216787447737908590e-01,4.283430627649145173e-01,3.846025634152631767e+00,1.532859670658433870e+00,-3.811714264973686817e-01,-2.507968305803627285e+00,-2.689607236530374146e-01,7.646595300507724735e-01,4.194338041142264273e-01,8.025979030344512211e-01,-3.739593001136812256e-02
-1.710914693765352990e-01,-1.045743662663360274e+00,2.030122591037213375e-01,1.501471987575259126e+00,-1.262999795949045101e+00,2.213713596580466625e-01,7.041231591498409159e-02,-1.663028055311324360e+00,1.266757209368673420e+00,-6.876944547434589161e-01,-1.062902038836616381e+00,-1.950053464948273252e+00,-3.463772653930349499e+00,1.126462844331831636e+00
-5.096212288199816198e-01,-3.394380307796704965e-01,8.137408009778979157e-01,8.548943286295999089e-01,2.192225551834916075e+00,5.541511782318129242e+00,4.133057849593086530e+00,1.196870178646143978e+00,-1.801442464486575412e+00,-1.793655081538523266e+00,1.167514338950982111e+00,1.109659782494549329e+00,-9.231812424508782922e-01,-4.763982212813608341e-02
1.742945238784478823e+00,4.181401041492856518e-01,3.099481481065804900e+00,1.464803141248424367e+00,-1.940046862277949202e+00,-3.103751339324084535e-02,-2.608372371634453124e-01,8.762543803999519598e-01,-2.054924021871188167e+00,-1.135006532462868645e+00,-3.022728786953544633e-01,1.646203992726510690e-01,-4.878468081960681602e+00,-4.752015627236020334e-01
-2.911526609781329156e-01,-3.200252235219456787e-01,-1.818566895928272142e+00,1.442258803045649573e+00,2.007289300183036307e+00,1.438844462458595874e+00,1.800919279206466772e+00,-1.395327464623757230e+00,5.775990763259477578e-01,1.525147811171660095e+00,-2.236415543863175426e+00,1.262626741169407873e+00,3.002617789265393355e+00,-1.135958662549954035e-01
3.892183351018793092e-01,-6.686703064375888461e-01,1.421452947895782026e+00,-1.610793748585694019e+00,-1.371978641345786842e+00,-2.382387037895394410e+00,-1.271286743918099482e+00,-2.975164608267316102e-01,6.446916395267110467e-02,-3.770319748335335674e-01,-2.157093992246393199e+00,-1.557241223865952207e-01,-3.130745959449923621e+00,1.006567481478630732e+00
1.888578928434804904e+00,7.170374924291073038e-01,2.693272379259684435e+00,7.197402754826098814e-01,1.645842610710531728e+00,1.177055682183909768e+00,3.261305019772187674e-01,-7.317135298596880721e-01,2.509760917184476359e+00,-4.208698279786559304e+00,2.735262651060117012e+00,-2.228421909883743224e-01,-7.609989718514765578e+00,-1.406459428213796770e+00
2.529692823830526294e+00,1.980786244867075663e+00,3.026199757204382390e+00,-1.014173366844446089e-01,5.109811147779256268e-01,-1.909946084547122780e+00,-1.714581779327971622e+00,-8.358193233986583870e-01,3.431087862012947909e+00,-3.894571752518293462e+00,2.207614532602548696e+00,4.536934077566439072e-01,-8.364743280613723186e+00,-3.286190818273071912e+00
-1.168033850721460265e+00,-5.993972178435513776e-01,8.819677591631194247e-01,-9.696275482274517854e-01,1.336541409528899882e+00,1.925398547180333653e+00,5.531307327699145349e-01,3.785355405103847382e-01,-4.717564921625899133e-01,-1.709695826732344326e+00,6.887600120051795560e-02,7.557923929550964814e-01,-2.713780854123939434e+00,-7.251168234931574252e-01
9.017864801173676170e-01,-6.025462057140372751e-01,8.415974244200690180e-01,2.506651422640908122e-01,8.382091250806238403e-01,1.978297644534815714e+00,4.026791551358449572e-01,6.497997222974303266e-01,2.269429636283744500e+00,1.519709708759631184e+00,-9.504880166878856285e-01,9.251690672040896457e-01,1.091110298602744999e+00,-1.107820030827908031e+00
1.681526172252290952e+00,4.544053253466557307e-01,1.597867199448532727e-01,1.104982917049860403e-01,-8.332824221078073412e-01,1.384146752776967748e+00,4.734713868021089844e-01,1.391604246953050739e+00,7.459620815676499817e-01,-2.057768002349958936e-01,7.354955280809163387e-01,-9.716537306226158410e-02,-2.437671857279863630e-01,-9.835917624152421546e-01
-1.780447053859104400e+00,-5.780388032935848130e-01,-7.741587619627343653e-01,1.808816224995584809e+00,-1.084518899096136968e+00,-2.532011492201876379e+00,-1.008181587668046664e+00,1.864389696619275227e-01,-1.008955046882087370e-01,9.905640247765383766e-01,-1.467876064163520233e+00,1.968015627513884480e+00,4.230967073511780363e+00,-5.940489581823673593e-01
-2.936910947332271871e-02,3.466669471453443507e-01,2.044134152709507379e+00,1.084407008422363150e+00,-3.531678000081872049e-01,-2.202646158293855017e+00,-1.805321703182224180e+00,-1.472606888138082937e+00,6.453593481813062471e-01,-1.407495973210125317e+00,-5.225071443728568354e-01,2.349038918013038213e+00,-2.834673153102584386e+00,-1.261977469941322649e+00
6.015603127890543078e-01,1.143480855318000700e+00,5.309553153321461272e-01,2.369803923115112898e+00,-1.288188748013629203e-01,4.509761476582790252e+00,2.852765879874698207e+00,2.643652049905253598e+00,-4.289715720628187512e+00,-7.136861342919975648e-01,2.815401853200690585e+00,1.994153482245090148e+00,-1.935100403594761792e-02,-1.585195206909625121e+00
8.871001450766322627e-01,-3.812804758352058565e-01,5.420758645972818535e-01,-1.403961817625558384e+00,9.226708874219804457e-01,1.345213672578573938e+00,2.429307383353949135e+00,6.495076368323735583e-01,1.169012231462943197e+00,3.290900749874619002e-01,-8.692166875125668657e-01,-1.120656028330485166e+00,-6.127630279232154642e-01,-3.173112139035892953e-01
-1.389095344574291291e+00,3.131518854649714689e-01,-7.961766479480698600e-01,5.821487970633507647e-01,-2.002219090215651143e-01,1.592541239125760399e-01,-2.333339602103314814e-01,2.481953109073120611e+00,4.880352504177692952e-01,-2.375800355532775132e+00,8.658032730016410605e-01,-1.378008038533195645e+00,-1.252468193786110184e+00,-1.206811026403295850e+00
8.174549894662233029e-01,3.041611677208837516e-01,1.055574014157760976e+00,5.226432311184144863e-01,3.898715876410950298e-01,2.231281060077474621e-01,-7.594964489510090955e-01,-1.395392277896021271e+00,2.080490623567627484e+00,-1.632904002251313935e+00,-1.260910025433318871e-01,-3.839708759486654133e-01,-2.432203969137678001e+00,6.808135677488574844e-01
1.084958217041173789e+00,-5.206980383254986577e-01,1.238371489531260305e-01,-9.254747155034265260e-01,4.921503628169879296e-01,2.081303889237628990e+00,1.466336114287006609e+00,6.301459423947884941e-01,-1.274486885410426318e+00,9.793150842069520134e-02,-1.440902208502516491e+00,-1.470397943667451468e+00,-1.415158082070373524e+00,1.204121064167977595e+00
-1.915483485869684088e+00,-1.219060769137471301e+00,-6.297407172670559383e-01,7.303380863849393556e-01,1.494615166598290301e+00,1.112235967006725668e+00,9.387539189201176137e-01,-9.704566587562756252e-01,-2.640889326356371747e+00,1.544069516459364078e+00,-8.655799928563210344e-01,3.744167672030009886e-01,1.706189949989379118e+00,1.366032485622163728e+00
3.287938680851404949e-01,-1.190134909109277772e-01,2.070947426442848016e+00,3.386650872314784788e+00,-3.978261033577217276e-01,1.564062540650965172e+00,-2.355448392246631828e-01,-2.551000518468818923e-01,1.060723343635985749e+00,-1.291317979793255688e+00,9.869662712124690485e-01,-5.269797204609364405e-01,-4.091727964837132525e+00,-8.125715272947955370e-01
1.354374296684622281e-01,-3.159794196725074777e-01,-6.967480831590650014e-01,5.312814777410364009e-01,2.272092842418710623e-01,7.697060687985135541e-02,4.601967569122486501e-01,-9.441787013720680521e-01,1.313807079563733549e+00,2.164245835125540474e+00,1.178802238765424004e+00,2.862179373280614669e+00,6.185490223896764839e+00,-1.753957783733546494e+00
-1.428324119170364948e-01,-5.282210993280090916e-01,-9.588713562439216131e-01,2.601462272839259460e-01,-5.666814744005543858e-01,-1.444875081249185067e-01,6.351242903985813149e-01,9.393500209294090020e-01,4.161024789350409314e-01,1.598899698297312488e+00,-1.350474188718799873e-01,-7.467824700721262809e-01,2.282358765819711977e+00,2.828017083738640358e-01
-2.313809968683477436e+00,-1.511262832557054514e+00,-3.126522431893067999e+00,5.109431239056458907e-01,-1.583228424609565366e+00,-7.319324555200856786e-02,-5.556324227164284313e-01,1.907012596899356205e-01,2.644723368383632867e+00,5.160337140470194761e+00,-4.425920603580102863e+00,-1.201505905940613683e+00,8.334913158339375627e+00,1.131910808636783505e-01
-8.431556336302303833e-02,-1.722899587275094069e+00,8.288002428430195634e-01,-3.797238318952989022e-01,3.541246333336202090e-01,9.431263812245762601e-01,6.757009158480046240e-01,-8.415077366804284420e-01,-9.162527389663306376e-01,-1.532997408663621774e+00,-2.329721797030237962e+00,-1.782748107668912674e+00,-3.217067736679317225e+00,1.448118534335321561e+00
2.375359258161224008e-01,3.614836442658960203e-01,1.033668853460652404e+00,1.202391722064622526e+00,-9.099812868820608136e-01,7.936335528640039438e-01,1.931729772038215387e-01,1.889990899295172833e+00,-2.117728629034699495e+00,-3.867266068231242082e-01,5.478085813145259220e-01,9.434259759039890225e-01,1.615693339708164089e-01,-1.750719742587579564e+00
3.701711887460020778e-01,9.581077255455342501e-01,5.876786194771770333e-01,2.313097814116644654e-02,-1.268861041416388780e+00,-1.377749675847778077e+00,-1.554984620164998166e+00,-1.281159864272230983e-02,1.300927367189309569e+00,-8.431133486015206513e-01,2.442543609592485510e+00,2.271286548021396179e+00,1.037863206049079723e-01,-2.081453291472389555e+00
9.424597500189638155e-02,-3.474222596705311278e-02,5.335821738826750371e-01,-1.265968384010543568e+00,1.113113319592737627e+00,1.999180962271185802e+00,1.195713800351426048e+00,1.231841598085811729e+00,6.397191198479036389e-01,9.283253820961858693e-01,-9.557111656127852406e-01,1.973307032432256580e-01,5.532785499169623478e-02,-4.991152511621275156e-01
-2.261039017415433783e-02,-7.611205007885168961e-01,7.247917552677483055e-01,9.079049467095677839e-01,8.685389596276172908e-01,4.248865672943746841e-01,-7.920374437023142145e-01,-1.345188958429026638e+00,1.280863086252170158e+00,-5.349201786126590585e-01,-1.574179298042707842e+00,2.141373915598379973e+00,-3.417654643081162735e-01,1.635443069728120813e-01
5.911961060121979639e-01,9.840881147095376091e-02,2.151426338246750447e+00,-4.072036206148219040e-01,-1.489246595823794150e+00,-3.409100677372606247e-01,-2.357210150391155778e-01,-4.629897788916543244e-01,1.720837148293102414e+00,-1.106019037079018830e+00,8.016753336825530041e-02,3.711560398949292905e-01,-3.870866731012803985e+00,-1.427851958119909392e+00
1.192701574366731077e+00,1.166350696078805926e+00,8.633622279611690153e-01,-3.423630588811132913e-01,8.176667797461800724e-02,2.378897219977278432e+00,4.983843868886217998e-01,1.474463052081525172e+00,-6.885642829128723053e-01,-3.308349124971952104e+00,2.658848050807723240e+00,9.480199711703847232e-01,-2.256635721153854135e+00,-1.093701749833033698e+00
-4.201857388643696622e-01,-1.015647137654316801e+00,2.013382742701249062e-01,-1.618513354802467052e+00,-3.642647560589108990e-01,-1.871449672071445747e-01,-5.576522425621657231e-01,-2.002770556623829634e-01,1.678093357837656674e-01,-2.598582050750792294e-01,2.183880939760778350e-01,5.717595702647192413e-01,-6.180204869440029114e-01,-9.144047576341796102e-03
1.911643551049169387e+00,1.250341960506608840e+00,2.141827583702536231e+00,3.589528445959221381e-01,5.114411973953499890e-01,-8.522069369565707930e-01,-4.781187617612026597e-01,-1.016142662885871850e+00,2.546912649509048610e+00,-2.445909949489799562e+00,1.012650378303526999e+00,9.046937668341412664e-01,-5.264787979067573787e+00,-1.007479501933033816e+00
-1.628121511110917741e+00,-1.846756024835612964e-01,-2.038461779174959521e+00,1.062646697686135067e+00,-1.719471642135776746e+00,-1.619846997744950556e+00,-1.718682196648194882e+00,-1.192988497890718341e-01,-3.128158493330213119e-02,1.960674784163265238e+00,-1.100210726528968230e+00,1.180667793082928574e+00,7.998645330964032851e+00,-3.292075659983939584e-02
-1.728302011633323643e-01,4.135580352497993384e-01,1.044123678516541975e+00,-6.124422982254150716e-01,1.381196021802540141e-01,3.014867427792883303e-01,3.780050258676157515e-01,7.873676232053717916e-01,1.759545166037143504e+00,1.158554738336883272e-01,-3.147554101637456414e-01,-2.737217012063806632e+00,-3.166084148766040052e+00,-3.098199296976528738e-01
1.049231953149745600e+00,-4.429318233769668489e-01,1.784131156285966746e+00,-3.109921154609722113e-02,9.238888827864580877e-01,-4.755080159234311710e-01,-1.385219019762852222e-01,3.683015623679074535e-01,2.373595573851230434e+00,1.228864586539412551e+00,-1.738464143937104467e+00,-7.616023671859661892e-01,-1.327595479449609206e+00,-2.043851834978206439e-01
-7.189831189374616960e-01,-1.137047165476215316e+00,-1.263777679215175809e+00,1.201961699505324166e+00,-6.022383212843755995e-01,-1.658874820152517859e+00,-4.850578674993283879e-01,1.098505114347603673e+00,-2.014698116127974004e+00,-2.971583410001077397e-01,-5.632956413644450988e-01,2.266028663483765637e-01,8.941699636695865649e-02,8.041117418263059591e-01
6.172832906834756495e-01,5.186613621725123524e-01,2.817503772691146158e-01,-9.677270862412843400e-01,-9.650302966377370950e-01,-1.096555656192178763e+00,-6.651557416544563450e-01,-3.177618059145567164e-01,-4.008377126848342797e+00,1.311338914415608459e+00,-5.526048178272172651e-01,1.257576393380436919e+00,3.349217812096187963e+00,1.072043329280471857e+00
1.117600605701731808e+00,2.239688919643827436e-01,1.000632938181318821e+00,2.382963417899899572e-01,1.187274226230815355e+00,-2.369159381485416382e+00,-1.895500384986600562e+00,-4.108288219919013495e-01,-2.435847503642870393e+00,-1.405581974972005987e+00,9.890076409208101715e-01,-3.284341364034177313e-01,-2.786840984964385370e+00,1.187032884510548003e+00
-3.416950126179529867e-02,-1.597848946419074823e+00,4.016081113750378240e-01,1.697782747486861199e+00,-5.433959423424080670e-01,-6.154471328483072101e-01,-6.005420420452686203e-01,2.399783656022070055e-01,-1.661812409046420580e+00,-7.229959686292019017e-01,-4.445193004143037641e-01,-2.615678591914286644e-01,-1.966740471577366423e+00,6.453752094967315500e-01
1.125874833288590171e+00,4.425348396423490760e-01,6.758929383539143965e-01,-1.671893241112302864e+00,3.251513346953039951e-01,2.206072539436609858e+00,1.300468837779668263e+00,-6.953735215656885460e-01,7.048389641067649425e-01,-2.648765193177900379e+00,1.068444732477425996e+00,2.172550682228638230e+00,1.914375337131652977e-01,-1.196167986207503642e+00
-1.495519381177934815e+00,-1.170252363367079385e+00,-1.248346011288282487e+00,-1.708103319592705338e-01,-6.524013681791331898e-01,-1.327985667573072792e-02,-5.135214461520629659e-01,6.928654536140471665e-01,-2.701412558483546889e+00,4.393264109770145254e-01,-3.692052509469879951e+00,-1.036189777716248539e+00,1.226996897800636699e+00,2.025323731427184804e+00
-3.754823992943245869e-03,8.854977633789014035e-01,1.183026276574017377e+00,-2.097177106069354480e-01,6.750384767567303712e-02,8.216572230617819050e-01,-3.412142774750239749e-01,-5.044423537785054368e-01,2.736168103909214722e+00,-2.581501677260151340e+00,9.301054263460306615e-02,-1.111380486070110862e+00,-3.707693260948108360e+00,-5.516613106151586621e-01
-5.001595846951016888e-01,-6.441106548177999436e-01,-3.070428244074240864e-01,-1.946180867006454651e+00,4.163822573630749369e-01,8.228721006575339114e-01,-7.523304080549236827e-02,-1.707252869073494772e-01,4.344092162643016231e-01,2.427029498017521103e-01,-8.010475201944122770e-01,1.934459350774593078e+00,2.098621764956832170e+00,-4.952306301733429006e-01
9.590658221917180981e-02,7.420139059878259058e-01,1.316562561577531709e-01,-8.663712351742923756e-01,-2.084075670455094453e+00,-1.725574955885921913e+00,-1.770899434452608556e+00,1.120315386378852640e+00,-1.363178766690910315e+00,-8.621567884372198787e-01,9.769676837122057700e-01,4.247318643769030233e-01,-2.039767958631609091e+00,-7.776162707597245038e-01
1.849912328082488733e+00,3.917408895662088941e-01,2.983057145968976975e-01,2.888436180553486943e-01,7.405840738677413881e-01,3.648867893324616141e+00,1.898712191717952580e+00,1.712291436662527921e+00,1.145293296075548861e+00,-1.708952372176181234e+00,8.543252470132108867e-01,-9.644016749709730663e-01,-3.656999985159632427e+00,-6.619497258799798001e-01
9.379974798749267650e-01,7.710470930139894374e-01,4.566815952303298065e-01,5.055008011719178684e-01,6.671541939092529017e-01,4.123727299930139090e+00,2.774084114721728334e+00,6.134291970586783771e-01,1.273439209268735883e+00,-8.673308396560832634e-01,-1.007364421487143780e+00,-5.519311500285387639e-01,-2.131904282202218948e+00,-1.575438157262182837e-01
2.125836752048575917e+00,6.400794789514074878e-01,1.840518763351036480e+00,7.331811398490901688e-01,-1.321068163740354517e+00,-1.523698724222421585e+00,1.657460669013777199e-02,-3.021166684333730368e-01,1.525697422754873411e+00,-2.738309497586407515e-01,-4.488077335253938260e-01,-5.584706807404837825e-02,-9.351676172797700470e-01,-7.307224772465621410e-01
-7.942028133364588127e-01,-1.268029453684083929e+00,-9.002564192726095760e-01,-9.200177205292689453e-02,-1.786031797669492827e+00,-1.630972586286359105e+00,-7.169069013196822659e-01,-1.960977560615608795e+00,4.328132594377531728e-01,9.153782851565743783e-01,-3.193603367637498636e-01,-9.199988354082037079e-01,1.222618515346123313e+00,6.104943281038316405e-01
-9.181678684029346282e-01,2.150085163973307345e-01,-3.117164342715547098e-01,5.215695301158935759e-01,-5.102681915439670757e-01,-1.283189669275133449e+00,-2.381502930623962400e-01,1.278653378730269519e-01,1.781841148794453211e+00,-4.297063800704232772e-01,5.538422383677867877e-01,-2.583634917971346923e-01,-7.923910184037638582e-02,-1.533404138846745646e+00
-1.112581159913795581e+00,-7.529568755412606729e-01,-1.315598265741813711e+00,-1.402333487399370471e+00,3.664860665107118609e-01,6.819045520944196914e-01,-8.188500589440808608e-02,-1.739328654564528398e-01,-1.431338879807639408e+00,2.814765588086505232e+00,-1.073637730546922020e+00,2.819515427085997339e-01,3.321721846101246101e+00,6.611386018648998109e-01
-1.075779066093041081e-01,-2.375157764575861752e-01,-8.301993540335187438e-01,-5.128680314609412871e-01,-1.176813658519489270e+00,-1.673102555587148377e+00,-1.598028676918362034e+00,3.825520874050111764e-01,1.352593840951890947e+00,2.232379488398358869e-01,-1.803109359599135431e-01,1.222566652973292367e+00,1.769475863362502288e+00,-6.468816772203671572e-01
2.470744252844325750e-02,1.013874431443722024e+00,-1.927153529368749174e+00,2.479921294583699309e-01,6.602957756527244593e-01,3.784408113969589316e+00,2.642039787967772391e+00,2.831680536026933037e+00,-1.986948004047654148e+00,7.606695428163484651e-01,1.065915447952564765e+00,1.572974633397948629e+00,4.445311421353379089e+00,-1.813864203077055759e+00
8.263396257433478498e-01,8.352478077255821587e-01,-1.503638236636426484e-01,5.865930096444909037e-01,-1.017726142752267693e+00,-1.656298063300945811e-01,-2.167849137459776365e-02,3.237011904289147091e-01,2.024354176190796384e+00,-1.530052694304376848e+00,2.841231823491379593e+00,1.314950593225891140e+00,-4.873500754503625187e-01,-2.381775893614211270e+00
-2.945729739327703767e-01,-4.002582835283362006e-01,8.680104131944470502e-01,3.430272105657681814e-01,1.502519619312643551e+00,8.573128338547342242e-02,2.212199309061484431e-01,5.613803749444517405e-02,-2.064666003178492915e+00,-4.644556125741852171e-01,1.180206334028754966e-01,1.095591303036608455e+00,-2.898211532972121418e+00,-3.300179842897904559e-02
-5.701117414976891729e-01,-7.731851275596197670e-01,-1.269935389536636094e-02,-5.918435905781274098e-01,-2.785236751787593112e-01,-6.557220111305274157e-01,-3.380890173316637437e-01,-6.114404330591552972e-01,-2.340521647570545039e+00,-1.303299744333612287e+00,6.970473561583245825e-02,-5.350220474666239623e-01,-1.306740558693376020e+00,1.826551669351404783e+00
2.612606683368239868e-01,-5.031146337992398188e-01,1.514661826721558580e+00,1.571151887260668678e+00,2.364741832376905162e+00,2.657421900595839936e+00,2.002947900656414593e+00,-8.063850259393869069e-02,3.535132221197900826e-01,-2.298783276416916710e+00,1.863683767426637772e+00,-2.579249106236032318e-01,-4.058221757175101807e+00,5.760306130620065357e-01
1.168090332090596650e-01,-1.096511645303107851e+00,-1.288013429036310997e+00,1.362137917823181610e+00,1.779161685812818694e-01,-1.437603672709752423e-01,3.104518248031711281e-01,6.199502582772731252e-01,-2.697321416699419938e+00,2.558060752972531215e+00,-2.182344540867744875e+00,-1.257751842203862491e+00,4.483488246267690158e+00,2.914757025588344597e+00
-1.575836088414724667e+00,-4.428560919017714426e-01,-1.185154779897991340e+00,-5.138891833824821287e-01,1.417088789632139911e-01,8.157127787324996993e-01,1.187672351824359485e+00,-1.299484845929524290e+00,3.632551109337693429e+00,-2.993469862853528340e-01,-1.652698795457056447e+00,-3.100822988920674650e+00,-1.025625025855774419e+00,6.958734703129171306e-01
-4.243302430229252686e-01,-7.409867450227053398e-01,1.494014234311830558e+00,-7.712881451826715529e-02,7.602725762433494294e-01,2.522615092477075827e+00,3.279293421118038232e+00,1.727283692286745831e+00,1.075024338306975330e-01,6.061947600443744477e-01,-6.046015070285154502e-01,-2.265459063063946843e+00,-4.289671993877526290e+00,3.570911281837091389e-01
-3.416506615031150718e-01,-1.354707883304641092e-01,-9.159289126804905923e-01,-1.324178108089286710e+00,6.707502802833510691e-02,-1.214086132777985050e+00,6.545079666213813319e-01,1.473849372364086641e-01,2.840157333938488016e+00,9.163781212899355655e-01,5.467694961348127380e-01,8.753587109470839511e-02,4.081652736023562156e-01,-1.483076422118609461e+00
-7.637881180116145030e-01,3.297597841721020551e-01,-1.290640657346392217e+00,6.057476701826222110e-01,-2.425273885143818475e+00,-2.760575987120950980e+00,-1.794454966470015567e+00,5.900221744983882299e-01,2.553232574083168949e+00,-5.573955537729765597e-01,-7.347079741822526433e-02,-2.295284813425883641e+00,-1.675224443104966543e+00,-5.236770882983551312e-01
-2.238447899381070361e+00,-9.937404784524619394e-01,-3.849219871574490970e+00,-9.312667780331290723e-02,-9.527790164050553567e-01,1.059508865918034060e+00,6.831834200862991757e-01,-1.886229148965533897e-01,1.081866911241750273e+00,2.967455517696946821e+00,-1.083695136664359904e+00,-6.319900768259074653e-01,5.584262095421825833e+00,5.415470017446151196e-01
1.482440113153365324e+00,2.563206721622226958e+00,2.221277745061469577e+00,5.797176051996603130e-01,-5.743888199376804282e-01,-2.488329734179497876e+00,-1.786331370533323692e+00,-1.633573843696046746e+00,1.957852828241445353e+00,-2.444087376080835483e+00,3.762752888099582194e+00,2.256274699931301253e+00,-2.650314019058544801e+00,-2.174417644513861880e+00
8.885687961066092155e-01,-3.528762892762432046e-01,7.723554713789830828e-01,-4.059452542591818203e-01,-9.189391262707065078e-01,-1.209064885776748532e+00,-1.228448765883735749e+00,6.305127669817313374e-02,-2.340561229788931996e+00,-1.626732687288865442e+00,3.938150119264209326e-01,-4.316869068471944626e-01,-3.362794471883483016e+00,1.670621641901070653e+00
1.064940638741516565e+00,4.681121314336791350e-01,6.805953564195084127e-01,3.109208776874497482e-01,1.241720741932420102e+00,2.132660893368598209e+00,8.714965897436961484e-01,-5.259362707248367297e-01,-1.971791098969055689e+00,1.172038645930204570e+00,-1.906815660369897136e+00,2.207089374018633698e-02,-1.268211766458011147e-01,1.223989226566478017e+00
-1.388588548090344377e+00,-6.510297919547505252e-01,-2.576382948743411561e+00,1.913388245359402218e+00,-2.461743710150607001e+00,4.825750670152993971e-01,-5.283273875001849307e-01,1.346385458904823862e+00,-8.766020418836280026e-01,1.506751534374569435e+00,9.586195453497236008e-01,7.389513715103208646e-01,5.454491346523195894e+00,-1.110072193404754159e-01
1.626439064497083864e-01,5.499122723194604934e-01,-1.804778162937331620e-01,-1.256315344149494306e+00,-1.206714610872181792e+00,-4.644209324634955394e+00,-2.754006643794412845e+00,-3.012092022000761871e-01,-1.008154138850069215e+00,1.792910995961654042e-01,8.788783698715546544e-01,6.554988830043907422e-01,2.024779477269197159e+00,1.273269095291346131e-01
-1.108453050804091955e+00,-2.179789508063508574e+00,4.062090578056889445e-01,1.159860010583993795e+00,6.203081332688237248e-01,4.368513744949339417e-01,7.709977944141561679e-01,5.133199566267168112e-01,-1.779977384666415308e+00,6.194763586439172576e-01,-3.642819490465742938e+00,-4.595545489836613817e-01,-2.279072833012738997e+00,6.684378021696297800e-01
6.439369398221790330e-01,-4.811875876973507049e-01,-4.508678814595246109e-01,-1.160376572622824565e+00,-2.801036414233878946e-01,-1.854772498422922800e+00,-2.069177430166605491e-01,-4.535814962485149593e-01,-5.691535095019808477e-01,1.356749567725970440e+00,-9.874883308668230830e-01,-8.334588731056147282e-02,3.776632744737905334e+00,1.169286765140222561e+00
-2.637777986187813450e+00,-2.087393273795763893e+00,-3.683889555735957444e+00,8.509013496793160769e-01,1.504766673597628390e+00,2.874175258216249418e-01,-3.882988986597766812e-01,-1.837291028344749444e+00,1.498601678311896723e+00,5.464430404020070853e+00,-2.610348708027530940e+00,-1.369890456755026964e+00,8.811550446688075411e+00,2.321598243818956409e-01
